Filename,Summary,Grade
Artificial_Intelligence.txt,"It is essential for individuals and society as a whole to prioritize mental health and work to reduce the stigma surrounding mental health disorders, increase access to mental health services, and promote mental health and wellness in all aspects of our lives.. In conclusion, mental health is essential for our overall health and well-being. Mental health refers to our emotional, psychological, and social well-being, and it is essential for our overall health and well-being. One of the most significant reasons why mental health is important is because it affects our physical health. Finally, mental health is important because it affects our overall quality of life",9
Effects_of _Social_Media_on_Society.txt,"However, social media also has its negative effects on society. In conclusion, social media has both positive and negative effects on society. However, social media also has significant effects on society, both positive and negative. As social media continues to evolve, it is essential for individuals and governments to promote responsible use of social media and mitigate its negative effects on society.. Constant exposure to social media can lead to a sense of social isolation, as individuals may compare their lives to those they see on social media, leading to feelings of inadequacy and low self-esteem",51
Mental_Health.txt,"It is essential for individuals and society as a whole to prioritize mental health and work to reduce the stigma surrounding mental health disorders, increase access to mental health services, and promote mental health and wellness in all aspects of our lives.. In conclusion, mental health is essential for our overall health and well-being. Mental health refers to our emotional, psychological, and social well-being, and it is essential for our overall health and well-being. One of the most significant reasons why mental health is important is because it affects our physical health. Finally, mental health is important because it affects our overall quality of life",5
TIme_Management.txt,"Effective time management enables individuals to prioritize their tasks and allocate their time efficiently, reducing stress levels and ensuring that they have enough time to accomplish everything they need to do. However, time management is not just about being productive or achieving success. By managing their time effectively, individuals can create more time for themselves, their families, and their hobbies, leading to a more fulfilling and enjoyable life. Time management is an essential skill that can have a significant impact on a person's productivity, efficiency, and overall success. In conclusion, time management is a vital skill that everyone should strive to develop",9
Climate_change.txt,"While AI holds enormous potential for innovation and progress, it also presents significant risks and challenges. However, AI also presents significant risks and challenges. One of the most significant risks of AI is the potential for bias and discrimination. Another significant risk of AI is its potential to displace human workers. Another significant benefit of AI is its potential to improve healthcare outcomes",9
Blockchain.txt,"The technology is based on a decentralized network that creates a secure and transparent way of recording transactions and other data. The most common consensus mechanism used in blockchain is called proof of work (PoW). In PoW, participants in the network compete to solve a complex mathematical problem in order to add a new block to the chain. However, PoW is not the only consensus mechanism used in blockchain. Instead, all participants in the network have access to the same information and can validate and verify transactions using a consensus mechanism",2
Cultural_Diversity.txt,"It is important for individuals and society as a whole to recognize and value the diversity of human experience, and work to promote greater understanding and acceptance of different cultural perspectives. There are several reasons why cultural diversity is important in society. In conclusion, cultural diversity is an essential aspect of society that contributes to our understanding, creativity, communication, and economic growth. Firstly, cultural diversity promotes understanding and acceptance of different perspectives and ways of life. Secondly, cultural diversity can promote creativity and innovation",6
CNCFile.txt,"The most frequently used machines in CNC systems include the following: CNC Mills- CNC mills are capable of running on programs comprised of number- and letter-based prompts, which guide pieces across various distances. CNC Machining is Fully Automated In today’s CNC protocols, the production of parts via pre-programmed software is mostly automated. To the onlooker, a CNC system might resemble a regular set of computer components, but the software programs and consoles employed in CNC machining distinguish it from all other forms of computation. As the engineers who’ve undergone CNC machine training will attest, the coding that makes it possible for a CNC machine to mold metal parts into shape is complex. In CNC programming, the code generator within the numerical system will often assume mechanisms are flawless, despite the possibility of errors, which is greater whenever a CNC machine is directed to cut in more than one direction simultaneously",9
Remote_Work.txt,"However, there are also some challenges to remote work that should be considered. Overall, remote work has many benefits, but it also comes with some challenges. One of the primary benefits of remote work is increased flexibility. Remote workers can often choose their own hours and work from anywhere, which can help them better balance their work and personal lives. Companies that offer remote work options must also provide the necessary support and resources to ensure that their employees are able to work effectively and maintain a healthy work-life balance.",4
Importacnce_of_Education.txt,"Education is not only essential for personal growth, but it is also a critical tool for economic development, social mobility, and global competitiveness. In conclusion, education is an essential tool for personal and professional growth, economic development, social mobility, and global competitiveness. By providing individuals with the knowledge, skills, and values they need to succeed, education promotes greater social equality, economic growth, and a more prosperous future for all.. Education provides individuals with the opportunity to rise above their socioeconomic status, allowing them to achieve higher levels of education and pursue more rewarding careers. Furthermore, education is essential for global competitiveness",5
